[
	{
		"selector": "node[neo4j_label=\"Journey\"]",
		"style": {
			"content": "data(name)",
			"background-fit": "cover",
			"shape" : "roundrectangle",
			"background-image": "/lloydsdemo/svg/journey.svg"
		}
	},
	{
		"selector": "node[neo4j_label*=\"Screen\"]",
		"style": {
			"content": "data(id)",
			"background-fit": "cover",
			"shape" : "roundrectangle",
			"background-image": "/lloydsdemo/svg/screen.svg"
		}
	},
	{
		"selector": "node[neo4j_label=\"DataItem\"]",
		"style": {
			"content": "data(id)",
			"background-fit": "cover",
			"shape" : "roundrectangle",
			"background-image": "/lloydsdemo/svg/dataitem.svg"
		}
	},
	{
		"selector": "edge",
		"style": {
			"width" : 3,
			"curve-style": "bezier",
			"target-arrow-shape": "triangle"
		}
	}
]